{"CultureImpact":{"ids":[],"subreddit":"CultureImpact","link":"adult","button":"Join The Community 🔞","channels":["1107068046834684055"]},"sexybutnotporn":{"ids":[],"subreddit":"sexybutnotporn","link":"dating","button":"Join Now‼️","channels":["1099509508188942336"]},"Sexy4KWallpaper":{"ids":[],"subreddit":"Sexy4KWallpaper","link":"https://www.reddit.com/r/Sexy4KWallpaper/?utm_source=share&utm_medium=ios_app&utm_name=ioscss&utm_content=1&utm_term=1","button":"4k Wallpapers 🔥","channels":["1101637837524324402"]},"slut":{"ids":[],"subreddit":"slut","link":"https://rebrand.ly/Tushy","button":"Click to join🔞","channels":["1111751238472695880"]},"celebnsfw":{"ids":[],"subreddit":"celebnsfw","link":"dating","button":"Click To Join ‼️","channels":["1099918310625259581"]},"gonewild30plus":{"ids":[],"subreddit":"gonewild30plus","link":"https://rebrand.ly/Tushy","button":"click to join","channels":["1111751245024207008"]},"Breeding":{"ids":[],"subreddit":"Breeding","link":"cams","button":"cams_label","channels":["1107196179856498818"]},"NSFWMemes":{"ids":[],"subreddit":"NSFWMemes","link":"dating","button":"Click To Join!","channels":["1099111741109063689"]},"furry":{"ids":[],"subreddit":"furry","link":"adult","button":"NSFW Games 🔞","channels":["1106215186966261770"]},"anime_irl":{"ids":[],"subreddit":"anime_irl","link":"https://www.reddit.com/r/anime_irl/?utm_source=share&utm_medium=ios_app&utm_name=ioscss&utm_content=1&utm_term=1","button":"Click For More Anime","channels":["1100682854767276062"]},"pornhubVIP":{"ids":[],"subreddit":"pornhubVIP","link":"dating","button":"Click To Join ‼️","channels":["1101399253936504832"]},"traphentai":{"ids":[],"subreddit":"traphentai","link":"adult","button":"Click To Join 🔞","channels":["1099111750563008544","1106215189247954994"]},"yolocouples":{"ids":[],"subreddit":"yolocouples","link":"https://rebrand.ly/Tushy","button":"Click to join 🔞","channels":["1111751250799775834"]},"rule34lol":{"ids":[],"subreddit":"rule34lol","link":"adult","button":"NSFW Games 🔞","channels":["1093077841018617896","1099120952723390494"]},"lewdgames":{"ids":[],"subreddit":"lewdgames","link":"adult","button":"Free NSFW Games 🔞","channels":["1099111729738285066","1106215117563113492","1107068054367641761","1100435277215957134"]},"amazingtits":{"ids":[],"subreddit":"amazingtits","link":"dating","button":"Click To Join 🍒","channels":["1099111743835361361"]},"animememes":{"ids":[],"subreddit":"animememes","link":"https://www.reddit.com/r/animememes/?utm_source=share&utm_medium=ios_app&utm_name=ioscss&utm_content=1&utm_term=1","button":"More Memes 🌛","channels":["1101245149884977303"]},"hentai_gif":{"ids":[],"subreddit":"hentai_gif","link":"adult","button":"Click To Play 🕹️","channels":["1099111750563008544","1107182467359719485"]},"shitposting":{"ids":[],"subreddit":"shitposting","link":"https://www.reddit.com/r/shitposting/?utm_source=share&utm_medium=ios_app&utm_name=ioscss&utm_content=1&utm_term=1","button":"ShitPosting","channels":["1101246438899466280"]},"CuteModeSlutMode":{"ids":[],"subreddit":"CuteModeSlutMode","link":"cams","button":"Join Our Free Cam Site 📸","channels":["1099509508188942336"]},"maturemilf":{"ids":[],"subreddit":"maturemilf","link":"dating","button":"Click To Meet 🔞","channels":["1099518627532783696"]},"anal":{"ids":[],"subreddit":"anal","link":"dating","button":"🔞🔥Preview NSFW 🔥🔞","channels":["1099111746133819442","1092190048985821236","1144381429510328341"]},"AskRedditAfterDark":{"ids":[],"subreddit":"AskRedditAfterDark","link":"https://rebrand.ly/Tushy","button":"Ur Attention is needed 💋","channels":["1111923373572894730"]},"ContagiousLaughter":{"ids":[],"subreddit":"ContagiousLaughter","link":"https://www.reddit.com/r/ContagiousLaughter/?utm_source=share&utm_medium=ios_app&utm_name=ioscss&utm_content=1&utm_term=1","button":"ContagiousLaughter","channels":["1101289989163196416"]},"futanari":{"ids":[],"subreddit":"futanari","link":"adult","button":"NSFW Games 🔞","channels":["1106215185368231986"]},"yiff":{"ids":[],"subreddit":"yiff","link":"adult","button":"Play VRFuckDolls 🕹️","channels":["1106215183766003873"]},"boobs":{"ids":[],"subreddit":"boobs","link":"dating","button":"Click To Join ‼️","channels":["1091135505950842920"]},"blowjobs":{"ids":[],"subreddit":"blowjobs","link":"dating","button":"Click To Join ‼️","channels":["1099111748499410944"]},"Blowjobs":{"ids":[],"subreddit":"Blowjobs","link":"dating","button":"Click To Join‼️","channels":["1092261844477034556"]},"SheLikesItRough":{"ids":[],"subreddit":"SheLikesItRough","link":"dating","button":"Click To Join ‼️","channels":["1101399253936504832"]},"vamscenes":{"ids":[],"subreddit":"vamscenes","link":"adult","button":"Play For Free 🕹️","channels":["1106215191634522162"]},"hentaibondage":{"ids":[],"subreddit":"hentaibondage","link":"adult","button":"NSFW Games 🕹️","channels":["1106215188178415626"]},"BustyPetite":{"ids":[],"subreddit":"BustyPetite","link":"cams","button":"Join My Free CamSite 📸","channels":["1099918144623087686"]},"snapleaks":{"ids":[],"subreddit":"snapleaks","link":"dating","button":"Click For More 💋","channels":["1111751250799775834"]},"petite":{"ids":[],"subreddit":"petite","link":"cams","button":"Join My Live CamSite📸","channels":["1099918144623087686"]},"slutsofsnapchat":{"ids":[],"subreddit":"slutsofsnapchat","link":"dating","button":"dating_label","channels":["1091060334439174154"]},"RealGirls":{"ids":[],"subreddit":"RealGirls","link":"https://rebrand.ly/Tushy","button":"Click to join 💋","channels":["1111751247607890080"]},"porngamesgifs":{"ids":[],"subreddit":"porngamesgifs","link":"adult","button":"Free NSFW Games 🕹️","channels":["1107068055344926852"]},"laracroftNSFW":{"ids":[],"subreddit":"laracroftNSFW","link":"adult","button":"Play For Free 🕹️","channels":["1106215196453785672"]},"Adult_Gaming":{"ids":[],"subreddit":"Adult_Gaming","link":"adult","button":"Play For Free 🕹️","channels":["1107068033136087090"]},"WesternHentai":{"ids":[],"subreddit":"WesternHentai","link":"adult","button":"NSFW Games 🔞🕹️","channels":["1107068056351551690"]},"HentaiServerPrivate":{"ids":[],"subreddit":"HentaiServerPrivate","link":"adult","button":"Free NSFW Games 🔞","channels":["1106215173565464707"]},"ass":{"ids":[],"subreddit":"ass","link":"dating","button":"Click To Join ‼️","channels":["1099111745055895632","1091136097909747882"]},"NSFWGaming":{"ids":[],"subreddit":"NSFWGaming","link":"adult","button":"Free NSFW Games 🔞🕹️","channels":["1099111749589942372","1101585710533849089"]},"NSFWgaming":{"ids":[],"subreddit":"NSFWgaming","link":"adult","button":"Click To Play 🕹️","channels":["1106215189923254334"]},"Pornhub":{"ids":[],"subreddit":"Pornhub","link":"dating","button":"Click To Join ‼️","channels":["1111603592906940416"]},"gonewildcouples":{"ids":[],"subreddit":"gonewildcouples","link":"https://rebrand.ly/Tushy","button":"Click to join 🔞","channels":["1111751250799775834"]},"ecchi":{"ids":[],"subreddit":"ecchi","link":"adult","button":"Click To Play 🔞","channels":["1106215181886947408"]},"pornID":{"ids":[],"subreddit":"pornID","link":"dating","button":"Click To Join 🔞","channels":["1100791338556981328"]},"Orgasms":{"ids":[],"subreddit":"Orgasms","link":"dating","button":"Click To Join‼️","channels":["1091136703932137512"]},"PremiumCheeks":{"ids":[],"subreddit":"PremiumCheeks","link":"dating","button":"Click To Join ‼️","channels":["1091136097909747882"]},"3DHentai":{"ids":[],"subreddit":"3DHentai","link":"adult","button":"Free NSFW Games 🕹️","channels":["1106215194994155560"]},"cumfetish":{"ids":[],"subreddit":"cumfetish","link":"https://rebrand.ly/Tushy","button":"Click To Join 🔞","channels":["1111751242352427108"]},"HairyPussy":{"ids":[],"subreddit":"HairyPussy","link":"https://rebrand.ly/Tushy","button":"Click to join 💋","channels":["1111751236895641772"]},"NSFWskyrim":{"ids":[],"subreddit":"NSFWskyrim","link":"adult","button":"Play For Free 🕹️","channels":["1107068048092966993"]},"AraAra":{"ids":[],"subreddit":"AraAra","link":"adult","button":"Click For More 🔞","channels":["1107068053243564033"]},"funsized":{"ids":[],"subreddit":"funsized","link":"cams","button":"Live Cams 📸","channels":["1099918144623087686"]},"assinthong":{"ids":[],"subreddit":"assinthong","link":"https://rebrand.ly/Tushy","button":"Click to join 🤤","channels":["1111751240150437959"]},"CutelittleButts":{"ids":[],"subreddit":"CutelittleButts","link":"https://rebrand.ly/Tushy","button":"Click to join","channels":["1111751240150437959"]},"overwatch_porn":{"ids":[],"subreddit":"overwatch_porn","link":"adult","button":"adult","channels":["1100435277215957134","1106215177948499989"]},"CombatFootage":{"ids":[],"subreddit":"CombatFootage","link":"https://www.reddit.com/r/CombatFootage/?utm_source=share&utm_medium=ios_app&utm_name=ioscss&utm_content=1&utm_term=1","button":"Combat Footage 🔥","channels":["1101122898581782548"]},"pokeporn":{"ids":[],"subreddit":"pokeporn","link":"adult","button":"Click To Join 🕹️","channels":["1106215179806584913"]},"sex_comics":{"ids":[],"subreddit":"sex_comics","link":"adult","button":"More Comics 🔞","channels":["1106215170881110036"]},"cars":{"ids":[],"subreddit":"cars","link":"dating","button":"dating_label","channels":[]},"CamSluts":{"ids":[],"subreddit":"CamSluts","link":"dating","button":"🔞🔥 Join For More Baddies 🔥🔞","channels":["1144381431594876959"]},"hugedicktinychick":{"ids":[],"subreddit":"hugedicktinychick","link":"dating","button":"Best Dating Website‼️","channels":["1107196179856498818"]},"SheLikesItRougj":{"ids":[],"subreddit":"SheLikesItRougj","link":"dating","button":"Free Meetups!!","channels":[]}}